{"cameraMode":{"drawMode":0,"name":"Shaded","section":"Shading Mode"},"sceneLighting":false,"audioPlay":false,"sceneViewState":{"m_AlwaysRefresh":false,"showFog":true,"showSkybox":false,"showFlares":true,"showImageEffects":true,"showParticleSystems":true,"showVisualEffectGraphs":true,"m_FxEnabled":true},"in2DMode":false,"pivot":{"x":2.6616857051849367,"y":3.4000000953674318,"z":-10.843536376953125},"rotation":{"x":0.15578274428844453,"y":0.6936442255973816,"z":-0.15766359865665437,"w":0.6853700280189514},"size":0.2598074972629547,"orthographic":false}